index,station_id,matched_name,score
1,66db4417-0aca-11e7-82f6-3863bb44ef7c,south st and whitehall st,1.0
2,66dc0f1b-0aca-11e7-82f6-3863bb44ef7c,bus slip and state st,1.0
3,c00ef46d-fcde-48e2-afbd-0fb595fe3fa7,south st and broad st,1.0
4,1954806962718223342,pearl st and whitehall st,1.0
5,66dc90d5-0aca-11e7-82f6-3863bb44ef7c,little west st and 1 pl,1.0
6,66db6da2-0aca-11e7-82f6-3863bb44ef7c,broadway and battery pl,1.0
7,66db447a-0aca-11e7-82f6-3863bb44ef7c,broad st and bridge st,1.0
8,ff2869f0-4381-4cf3-863e-a0d776ec53b4,old slip and south st,1.0
9,66db75cc-0aca-11e7-82f6-3863bb44ef7c,south st and gouverneur ln,1.0
10,66dbf667-0aca-11e7-82f6-3863bb44ef7c,pearl st and hanover square,1.0
11,8ec47777-852d-4059-a5ea-12eef71a9606,water st and gouverneur ln,1.0
12,7dda8844-60ba-4449-b05c-54c1d14ab5fb,broadway and morris st,1.0
13,66dbcbbc-0aca-11e7-82f6-3863bb44ef7c,west thames st,1.0
14,1794096824496960148,south end ave and albany st,1.0
15,6067af3d-f7ed-4149-a394-2fc2eb295872,greenwich st and rector st,1.0
16,66dbca0f-0aca-11e7-82f6-3863bb44ef7c,william st and pine st,1.0
17,2039088532741595744,front st and pine st,1.0
18,89d4a926-f1ae-4bf2-bf2d-59cff3881579,water st and fletcher st,1.0
19,66db460d-0aca-11e7-82f6-3863bb44ef7c,maiden ln and pearl st,1.0
20,e72f0aec-2293-4636-988c-b9d30df092f8,liberty st and nassau st,1.0
21,66db3583-0aca-11e7-82f6-3863bb44ef7c,liberty st and broadway,1.0
22,3e9e50cc-f336-439f-bd0b-dec5499c038d,albany st and greenwich st,1.0
23,3b530cff-dd26-4cfd-b570-a85fd53354fe,west st and liberty st,1.0
24,66db79a3-0aca-11e7-82f6-3863bb44ef7c,fulton st and broadway,1.0
25,66db7637-0aca-11e7-82f6-3863bb44ef7c,fulton st and william st,1.0
26,e8df73bd-5d3d-47c9-b04d-bcec4db5540f,cliff st and fulton st,1.0
27,014a931b-8e1c-438a-8a22-f267ddd1e0d2,peck slip and south st,1.0
28,6f484a9d-c535-451e-a18f-f3afdc0a27af,gold st and frankfort st,1.0
29,66db3898-0aca-11e7-82f6-3863bb44ef7c,spruce st and nassau st,1.0
30,06439006-11b6-44f0-8545-c9d39035f32a,vesey st and church st,1.0
31,1989279523593928720,vesey st and greenwich st,1.0
32,66db8d89-0aca-11e7-82f6-3863bb44ef7c,vesey pl and river terrace,1.0
33,1286480d-5d6d-4a47-9fac-e156dba2b6fc,murray st and west st,1.0
34,66dea894-0aca-11e7-82f6-3863bb44ef7c,murray st and greenwich st,1.0
35,66dbf73d-0aca-11e7-82f6-3863bb44ef7c,barclay st and church st,1.0
36,18fcd2c1-dc8b-4a52-9f18-e9b9003bbea5,park pl and church st,1.0
37,66db3053-0aca-11e7-82f6-3863bb44ef7c,warren st and w broadway,1.0
38,66dbe8d6-0aca-11e7-82f6-3863bb44ef7c,centre st and chambers st,1.0
39,66db277a-0aca-11e7-82f6-3863bb44ef7c,st james pl and pearl st,1.0
40,66dc9143-0aca-11e7-82f6-3863bb44ef7c,catherine st and monroe st,1.0
41,66dbf362-0aca-11e7-82f6-3863bb44ef7c,market st and cherry st,1.0
42,d55dd622-0ced-4e4d-9ea5-2ef2cb6481a9,south st and pike st,1.0
43,66db930d-0aca-11e7-82f6-3863bb44ef7c,pike st and monroe st,1.0
44,99142ec8-c0e7-47ca-916c-c1097d48e133,market st and henry st,1.0
45,1960020540642077008,division st and bowery,1.0
46,66db7152-0aca-11e7-82f6-3863bb44ef7c,st james pl and oliver st,1.0
47,66dbc745-0aca-11e7-82f6-3863bb44ef7c,bayard st and baxter st,1.0
48,66dbe848-0aca-11e7-82f6-3863bb44ef7c,centre st and worth st,1.0
49,66db90f1-0aca-11e7-82f6-3863bb44ef7c,reade st and broadway,1.0
50,66db2e3a-0aca-11e7-82f6-3863bb44ef7c,hudson st and reade st,1.0
51,1b038e21-e199-4c47-bef0-f4bcdc06b73b,duane st and hudson st,1.0
52,66dc0e99-0aca-11e7-82f6-3863bb44ef7c,west st and chambers st,1.0
53,a6492ad5-d13e-48b0-a0d5-08e60ad93e53,river ter and warren st,1.0
54,66db408f-0aca-11e7-82f6-3863bb44ef7c,harrison st and hudson st,1.0
55,c1e24edf-7192-433f-8d38-be5b6b3647c5,north moore st and greenwich st,1.0
56,fa14408f-6e88-4668-86ee-ce10ea707f36,hudson st and n moore st,1.0
57,66db269c-0aca-11e7-82f6-3863bb44ef7c,franklin st and w broadway,1.0
58,66db7a0d-0aca-11e7-82f6-3863bb44ef7c,leonard st and church st,1.0
59,c2800791-1911-4f2b-8fc7-bed280c557c0,church st and worth st,1.0
60,32cc1603-a4b5-4099-b7bf-681de451b04a,walker st and baxter st,1.0
61,66dbf518-0aca-11e7-82f6-3863bb44ef7c,forsyth st and canal st,1.0
62,66db6889-0aca-11e7-82f6-3863bb44ef7c,pike st and e broadway,1.0
63,1e3a16ff-65ba-4d34-b3c6-37aff44e085a,rutgers st and henry st,1.0
64,66db6f2e-0aca-11e7-82f6-3863bb44ef7c,canal st and rutgers st,1.0
65,66db9cc4-0aca-11e7-82f6-3863bb44ef7c,madison st and clinton st,1.0
66,f833d403-2cf5-424a-a3b3-0314a44b4a67,clinton st and cherry st,1.0
67,66db64d1-0aca-11e7-82f6-3863bb44ef7c,madison st and montgomery st,1.0
68,66db93a1-0aca-11e7-82f6-3863bb44ef7c,cherry st,1.0
69,66dc76cd-0aca-11e7-82f6-3863bb44ef7c,henry st and grand st,1.0
70,8cb0375d-bcb2-4c90-9773-41c3c8fdf8d8,grand st and samuel dickstein plaza,1.0
71,2098714441479661752,clinton st and grand st,1.0
72,66db728c-0aca-11e7-82f6-3863bb44ef7c,norfolk st and broome st,1.0
73,1960020817312746312,allen st and hester st,1.0
74,063e7e78-b810-4a2f-8045-a82a0d69d752,orchard st and grand st,1.0
75,9e3603ee-2b7d-4147-a7b5-48bbd778902c,forsyth st and grand st,1.0
76,66dc86d9-0aca-11e7-82f6-3863bb44ef7c,forsyth st and broome st,1.0
77,8ea09819-cd88-4732-b047-c0549f0b370f,delancey st and eldridge st,1.0
78,66dbf062-0aca-11e7-82f6-3863bb44ef7c,allen st and rivington st,1.0
79,66dc3ab9-0aca-11e7-82f6-3863bb44ef7c,rivington st and chrystie st,1.0
80,66db72f1-0aca-11e7-82f6-3863bb44ef7c,allen st and stanton st,1.0
81,66db4671-0aca-11e7-82f6-3863bb44ef7c,stanton st and chrystie st,1.0
82,66de85d2-0aca-11e7-82f6-3863bb44ef7c,grand st and elizabeth st,1.0
83,9e5fd5b6-c5f2-4694-9406-a44b7d0146d9,kenmare st and elizabeth st,1.0
84,66db4158-0aca-11e7-82f6-3863bb44ef7c,mott st and prince st,1.0
85,66db479e-0aca-11e7-82f6-3863bb44ef7c,howard st and lafayette st,1.0
86,f54ad1f8-fe58-49ac-82ae-b742aec66829,lafayette st and grand st,1.0
87,66db2fd0-0aca-11e7-82f6-3863bb44ef7c,cleveland pl and spring st,1.0
88,66db4351-0aca-11e7-82f6-3863bb44ef7c,lispenard st and broadway,1.0
89,66dc91b5-0aca-11e7-82f6-3863bb44ef7c,grand st and greene st,1.0
90,66db6d40-0aca-11e7-82f6-3863bb44ef7c,mercer st and spring st,1.0
91,53e30d38-a110-42b4-a8f9-ca801a847ac7,greene st and prince st,1.0
92,7d5fa1f0-4069-4d5d-b735-5d500597394a,w broadway and watts st,1.0
93,19d17911-1e4a-41fa-b62b-719aa0a6182e,6 ave and walker st,1.0
94,66db402c-0aca-11e7-82f6-3863bb44ef7c,laight st and hudson st,1.0
95,66de867e-0aca-11e7-82f6-3863bb44ef7c,greenwich st and hubert st,1.0
96,9b0c2c99-214f-4e15-b476-1626c03a9e4e,washington st and laight st,1.0
97,66db8fde-0aca-11e7-82f6-3863bb44ef7c,watts st and greenwich st,1.0
98,1905837242740508940,31 st and broadway,0.5
99,33c533cd-5f0e-4c15-a00a-6a2bf1e2d077,spring st and hudson st,1.0
100,90c35466-db3c-4b0d-993e-6e92883773b4,6 ave and broome st,1.0
101,bde94a25-6089-4490-af3a-8cc5702230b8,w broadway and spring st,1.0
102,66ddbdb1-0aca-11e7-82f6-3863bb44ef7c,pier 40 hudson river park,1.0
103,66dbbeda-0aca-11e7-82f6-3863bb44ef7c,greenwich st and w houston st,1.0
104,61647ec6-dfd6-4d1c-8800-d488d390c627,king st and varick st,1.0
105,66db2afe-0aca-11e7-82f6-3863bb44ef7c,macdougal st and prince st,1.0
106,af72781c-fe0b-4b73-a7df-201f9780ea9c,w broadway and w houston st,1.0
107,66db40ef-0aca-11e7-82f6-3863bb44ef7c,lafayette st and jersey st,1.0
108,9394fb49-583f-4426-8d2f-a2b0ffb584d2,stanton st and norfolk st,1.0
109,66dbc7d2-0aca-11e7-82f6-3863bb44ef7c,bialystoker pl and delancey st,1.0
110,66dba0ba-0aca-11e7-82f6-3863bb44ef7c,columbia st and rivington st,1.0
111,66db9e99-0aca-11e7-82f6-3863bb44ef7c,stanton st and mangin st,1.0
112,66dbc37a-0aca-11e7-82f6-3863bb44ef7c,rivington st and ridge st,1.0
113,66dbefee-0aca-11e7-82f6-3863bb44ef7c,pitt st and stanton st,1.0
114,66dbf442-0aca-11e7-82f6-3863bb44ef7c,suffolk st and stanton st,1.0
115,fbee1143-e93f-418d-b6bc-8fde4a9a8746,e houston st and columbia st,1.0
116,66db2f4c-0aca-11e7-82f6-3863bb44ef7c,e 2 st and ave c,1.0
117,66db6aae-0aca-11e7-82f6-3863bb44ef7c,e 2 st and ave b,1.0
118,93e2e1a5-49c5-41f8-a6bf-b399b6a5140d,e 2 st and ave a,1.0
119,7b0227aa-bbf5-4731-a49a-765b4afac483,e 1 st and 1 ave,1.0
120,66dbf140-0aca-11e7-82f6-3863bb44ef7c,e 2 st and 2 ave,1.0
121,4168e5a4-c7ec-4045-bfc8-84ac5edbe845,e 1 st and bowery,1.0
122,412c1416-d15b-4e6a-9691-da4c3cc0d0d2,bleecker st and crosby st,1.0
123,66ddd369-0aca-11e7-82f6-3863bb44ef7c,mercer st and bleecker st,1.0
124,b6a4770e-9077-4a0e-a0fb-b45b1d457559,thompson st and bleecker st,1.0
125,66dbce8a-0aca-11e7-82f6-3863bb44ef7c,carmine st and 6 ave,1.0
126,549b5bc4-b949-4eeb-8ffb-2215e1e49892,morton st and greenwich st,1.0
127,4e862dc1-0652-4f29-a26f-315d763df67d,washington st and barrow st,1.0
128,f417d8da-0f15-49b0-9e3c-3c3e55c2691d,11 st and washington st,1.0
129,66dbc8f5-0aca-11e7-82f6-3863bb44ef7c,christopher st and greenwich st,1.0
130,66db2a71-0aca-11e7-82f6-3863bb44ef7c,barrow st and hudson st,1.0
131,c466f15e-715f-411e-904e-1a71fb574cdd,7 ave s and bleecker st,1.0
132,66db9845-0aca-11e7-82f6-3863bb44ef7c,sullivan st and washington sq,1.0
133,66db3273-0aca-11e7-82f6-3863bb44ef7c,laguardia pl and w 3 st,1.0
134,1934749166596673908,washington pl and greene st,1.0
135,66db9675-0aca-11e7-82f6-3863bb44ef7c,washington pl and broadway,1.0
136,66db3a1e-0aca-11e7-82f6-3863bb44ef7c,great jones st,1.0
137,d8778570-f7f2-458d-82f5-9ad39210a501,e 5 st and cooper sq,1.0
138,66dc176f-0aca-11e7-82f6-3863bb44ef7c,e 4 st and 2 ave,1.0
139,66dc0f8a-0aca-11e7-82f6-3863bb44ef7c,e 3 st and 1 ave,1.0
140,0096fecb-3a56-4585-9204-aa9554f7bc49,e 5 st and ave a,1.0
141,edc9b877-c311-46b4-a780-59ee7e692324,e 4 st and ave b,1.0
142,66dbec40-0aca-11e7-82f6-3863bb44ef7c,e 5 st and ave c,1.0
143,66db6cd4-0aca-11e7-82f6-3863bb44ef7c,ave d and e 3 st,1.0
144,66dbf4ac-0aca-11e7-82f6-3863bb44ef7c,e 6 st and ave d,1.0
145,66db46d7-0aca-11e7-82f6-3863bb44ef7c,ave d and e 8 st,1.0
146,eb6c2359-4825-4bf4-8f2d-8b6dd2bf4212,e 7 st and ave c,1.0
147,66db76a1-0aca-11e7-82f6-3863bb44ef7c,e 6 st and ave b,1.0
148,645e4365-653f-48ce-bc15-5fcc287be56f,e 7 st and ave b,1.0
149,66dc10d1-0aca-11e7-82f6-3863bb44ef7c,e 7 st and ave a,1.0
150,c37931bb-8571-4671-a9a8-f3cf23897680,1 ave and e 6 st,1.0
151,3edec530-4791-4872-8912-2a2397a903a4,e 6 st and 2 ave,1.0
152,66dc1702-0aca-11e7-82f6-3863bb44ef7c,st marks pl and 1 ave,1.0
153,66db3ba0-0aca-11e7-82f6-3863bb44ef7c,st marks pl and 2 ave,1.0
154,66ddd545-0aca-11e7-82f6-3863bb44ef7c,cooper square and astor pl,1.0
155,66db65aa-0aca-11e7-82f6-3863bb44ef7c,lafayette st and e 8 st,1.0
156,66ddb6d9-0aca-11e7-82f6-3863bb44ef7c,university pl and e 8 st,1.0
157,a82599ce-99ca-4670-8053-baada198034a,e 9 st and 5 ave,1.0
158,66db41bf-0aca-11e7-82f6-3863bb44ef7c,macdougal st and washington sq,1.0
159,66dbcf18-0aca-11e7-82f6-3863bb44ef7c,washington pl and 6 ave,1.0
160,66dbe571-0aca-11e7-82f6-3863bb44ef7c,w 4 st and 7 ave s,1.0
161,66db3fc9-0aca-11e7-82f6-3863bb44ef7c,perry st and bleecker st,1.0
162,7e70b65e-00c1-40d5-984d-17232a4ee05e,greenwich st and perry st,1.0
163,66db3cab-0aca-11e7-82f6-3863bb44ef7c,bank st and washington st,1.0
164,66dbf215-0aca-11e7-82f6-3863bb44ef7c,washington st and gansevoort st,1.0
165,29ced315-14b5-4edc-bef2-665316dfe3dd,w 12 st and hudson st,1.0
166,66dbbc4a-0aca-11e7-82f6-3863bb44ef7c,bank st and hudson st,1.0
167,00d3e65e-b614-4408-aaa9-939ed96ce645,perry st and greenwich ave,1.0
168,66dbe68e-0aca-11e7-82f6-3863bb44ef7c,greenwich ave and charles st,1.0
169,66db4282-0aca-11e7-82f6-3863bb44ef7c,w 11 st and 6 ave,1.0
170,66db5f40-0aca-11e7-82f6-3863bb44ef7c,e 10 st and 5 ave,1.0
171,0f45bcf6-7028-4584-a51e-4129847dbebc,4 ave and e 12 st,1.0
172,66dc481a-0aca-11e7-82f6-3863bb44ef7c,e 12 st and 3 ave,1.0
173,a4368364-fa79-493c-8478-1d3471a6077f,e 11 st and 3 ave,1.0
174,348c5e65-cbc3-4da6-9856-fc253a0ba546,e 13 st and 2 ave,1.0
175,aa8fc8b7-b66c-41d9-9885-30b8af599378,e 10 st and 2 ave,1.0
176,66db8ca4-0aca-11e7-82f6-3863bb44ef7c,e 11 st and 1 ave,1.0
177,d9160982-2d9b-4f08-9469-a559a7b62809,e 13 st and ave a,1.0
178,ca4795a2-6ab3-4597-bf59-f0155ac1637c,ave a and e 11 st,1.0
179,66dc1beb-0aca-11e7-82f6-3863bb44ef7c,e 10 st and ave a,1.0
180,99d149f9-ad40-461e-beea-fcbf086f9b5a,e 11 st and ave b,1.0
181,3ac7b47b-2253-4a0b-bf7d-8a2eb6b78a38,e 12 st and ave c,1.0
182,66dbecd0-0aca-11e7-82f6-3863bb44ef7c,e 9 st and ave c,1.0
183,a0eec052-257a-4c79-8171-6e2ad9864ad0,ave d and e 10 st,1.0
184,66db9c2e-0aca-11e7-82f6-3863bb44ef7c,ave d and e 12 st,1.0
185,66dc7ba2-0aca-11e7-82f6-3863bb44ef7c,e 14 st and ave b,1.0
186,0dc63044-e19c-474d-9df1-c3e504d03b07,ave c and e 16 st,1.0
187,c7ffe3fa-9cd6-4d35-9060-7d5822381442,e 20 st and fdr dr,1.0
188,2053884382031338034,e 23 st and fdr dr,1.0
189,cc7b86cf-a2fb-4738-b967-de7b197dc930,ave a and e 14 st,1.0
190,e2fc6d90-8deb-4e21-961d-9d5208c1f986,e 14 st and 1 ave,1.0
191,66dc7802-0aca-11e7-82f6-3863bb44ef7c,1 ave and e 16 st,1.0
192,66dc8f1f-0aca-11e7-82f6-3863bb44ef7c,1 ave and e 18 st,1.0
193,66dc8c90-0aca-11e7-82f6-3863bb44ef7c,e 23 st and 1 ave,1.0
194,66db34fc-0aca-11e7-82f6-3863bb44ef7c,e 25 st and 1 ave,1.0
195,66dc9223-0aca-11e7-82f6-3863bb44ef7c,e 27 st and 1 ave,1.0
196,66dc89ae-0aca-11e7-82f6-3863bb44ef7c,1 ave and e 30 st,1.0
197,61c82689-3f4c-495d-8f44-e71de8f04088,e 33 st and 1 ave,1.0
198,1893622839585237496,2 ave and e 31 st,1.0
199,cdb6e2aa-4da3-4ed7-9b13-ce626addf6b0,2 ave and e 29 st,1.0
200,66dc7957-0aca-11e7-82f6-3863bb44ef7c,e 25 st and 2 ave,1.0
201,6ff2eec8-2b72-490a-b1c3-f9892ab3a724,e 22 st and 2 ave,1.0
202,66dc259a-0aca-11e7-82f6-3863bb44ef7c,e 20 st and 2 ave,1.0
203,55f6b830-e43e-4227-bfc7-683465236d94,e 17 st and 2 ave,1.0
204,66db6963-0aca-11e7-82f6-3863bb44ef7c,e 15 st and 3 ave,1.0
205,647a2a80-9630-41b0-9b91-1f464b0bf3cc,e 16 st and irving pl,1.0
206,66db8c10-0aca-11e7-82f6-3863bb44ef7c,e 19 st and 3 ave,1.0
207,66dc7773-0aca-11e7-82f6-3863bb44ef7c,e 20 st and park ave,1.0
208,876683ce-9bce-4fad-8d1c-6b331fa07b5c,gramercy park n and gramercy park e,1.0
209,66dc8a3d-0aca-11e7-82f6-3863bb44ef7c,lexington ave and e 24 st,1.0
210,66dc6a86-0aca-11e7-82f6-3863bb44ef7c,e 24 st and park ave s,1.0
211,7c7cb750-6613-48a4-bfae-9240968f1fad,e 26 st and 3 ave,1.0
212,454b4a83-d0b1-42a2-8163-261e2a9d6ab9,lexington ave and e 26 st,1.0
213,06109e92-4363-445a-9743-0457f6799530,madison ave and e 26 st,1.0
214,e6c2a46e-431a-4101-af84-870f660ff4cb,e 27 st and park ave s,1.0
215,66dc8bfd-0aca-11e7-82f6-3863bb44ef7c,lexington ave and e 29 st,1.0
216,66dc3e89-0aca-11e7-82f6-3863bb44ef7c,e 31 st and 3 ave,1.0
217,66dc8d1d-0aca-11e7-82f6-3863bb44ef7c,e 30 st and park ave s,1.0
218,66dc3a1a-0aca-11e7-82f6-3863bb44ef7c,e 32 st and park ave,1.0
219,5c3c345d-1975-400d-a9d8-18815816886e,5 ave and e 30 st,1.0
220,daefc84c-1b16-4220-8e1f-10ea4866fdc7,broadway and w 25 st,1.0
221,5f7ac86c-1a98-4603-8749-4bb83ac84acd,broadway and e 21 st,1.0
222,3d340fc5-8c86-4d5e-974d-ae28958e61e8,w 20 st and 5 ave,1.0
223,1975518133370609774,broadway and e 19 st,1.0
224,1975518396279321266,e 17 st and broadway,1.0
225,66db6387-0aca-11e7-82f6-3863bb44ef7c,broadway and e 14 st,1.0
226,b30815c0-99b6-451b-be15-902992cb8abb,university pl and e 14 st,1.0
227,eafa19ed-88c2-4efc-bd73-3961f85b6063,w 13 st and 5 ave,1.0
228,1963272613486484230,e 15 st and 5 ave,1.0
229,66dc741f-0aca-11e7-82f6-3863bb44ef7c,e 16 st and 5 ave,1.0
230,09dfc0e3-a448-477c-bb3c-9467dc51ef8d,w 15 st and 6 ave,1.0
231,66db33fc-0aca-11e7-82f6-3863bb44ef7c,w 18 st and 6 ave,1.0
232,66dc120f-0aca-11e7-82f6-3863bb44ef7c,w 21 st and 6 ave,1.0
233,66dc2995-0aca-11e7-82f6-3863bb44ef7c,w 25 st and 6 ave,1.0
234,1794096976946852066,w 27 st and 6 ave,1.0
235,1960021358478625244,w 27 st and 7 ave,1.0
236,66dc1c5c-0aca-11e7-82f6-3863bb44ef7c,w 24 st and 7 ave,1.0
237,66db95e5-0aca-11e7-82f6-3863bb44ef7c,w 20 st and 7 ave,1.0
238,2e74ea1d-02a0-47bf-9665-dce2d65de8d7,w 17 st and 7 ave,1.0
239,66dc462a-0aca-11e7-82f6-3863bb44ef7c,w 15 st and 7 ave,1.0
240,66db3816-0aca-11e7-82f6-3863bb44ef7c,w 13 st and 7 ave,1.0
241,66db631c-0aca-11e7-82f6-3863bb44ef7c,greenwich ave and 8 ave,1.0
242,1827839088308194240,gansevoort st and hudson st,1.0
243,0c923abb-298a-4a47-b132-9fae73cc59e6,hudson st and w 13 st,1.0
244,e8a6c13b-1f6e-4e6b-bdf8-9b0e597e4a62,8 ave and w 16 st,1.0
245,66db28b5-0aca-11e7-82f6-3863bb44ef7c,w 17 st and 8 ave,1.0
246,66dc36c3-0aca-11e7-82f6-3863bb44ef7c,w 20 st and 8 ave,1.0
247,66dc209c-0aca-11e7-82f6-3863bb44ef7c,w 22 st and 8 ave,1.0
248,1d440638-ec50-4ccb-9a82-0e3247a87c63,8 ave and w 24 st,1.0
249,1804892772559499512,w 25 st and 8 ave,1.0
250,9e9acfaf-0bbf-4bc2-a825-b2befb6bee55,8 ave and w 27 st,1.0
251,39f756c2-3904-463e-95a8-8d8e3540e845,w 25 st and 9 ave,1.0
252,66dc7a7d-0aca-11e7-82f6-3863bb44ef7c,9 ave and w 22 st,1.0
253,73b403cf-86fd-4f93-a484-5cb06a2abeea,w 18 st and 9 ave,1.0
254,66dc11a7-0aca-11e7-82f6-3863bb44ef7c,9 ave and w 18 st,1.0
255,116dbc02-a3c1-4b65-9f73-2a09a2aa1379,10 ave and w 14 st,1.0
256,2527619f-ef89-425c-bf3b-60cc0ec519bf,w 15 st and 10 ave,1.0
257,66db3606-0aca-11e7-82f6-3863bb44ef7c,w 16 st and the high line,1.0
258,55ccb271-7035-422e-bee1-20e84caa0217,w 20 st and 10 ave,1.0
259,66dc24b8-0aca-11e7-82f6-3863bb44ef7c,w 20 st and 11 ave,1.0
260,1929504694747056164,pier 61 at chelsea piers,1.0
261,66dc2606-0aca-11e7-82f6-3863bb44ef7c,w 22 st and 10 ave,1.0
262,66dbe96d-0aca-11e7-82f6-3863bb44ef7c,w 26 st and 10 ave,1.0
263,66dc51e9-0aca-11e7-82f6-3863bb44ef7c,10 ave and w 28 st,1.0
264,66dc22a7-0aca-11e7-82f6-3863bb44ef7c,11 ave and w 27 st,1.0
265,e51c8b72-460f-41c2-a5ca-de85d3f46a30,w 30 st and 10 ave,1.0
266,66dc7c31-0aca-11e7-82f6-3863bb44ef7c,w 29 st and 9 ave,1.0
267,66dc4bd9-0aca-11e7-82f6-3863bb44ef7c,broadway and w 29 st,1.0
268,66dc840f-0aca-11e7-82f6-3863bb44ef7c,e 33 st and 5 ave,1.0
269,2637fed8-1e2a-460b-83eb-3eb32ace0f4e,e 35 st and madison ave,1.0
270,93c28953-7e65-436e-9c5a-9d7ca0e3729f,lexington ave and e 36 st,1.0
271,66dc7659-0aca-11e7-82f6-3863bb44ef7c,fdr drive and e 35 st,1.0
272,1917312704757770810,1 ave and e 38 st,1.0
273,de0c1800-f7cc-41b4-ab7a-c9d219180d06,e 39 st and lexington ave,1.0
274,66dc7f02-0aca-11e7-82f6-3863bb44ef7c,park ave and e 41 st,1.0
275,c638ec67-9ac0-416f-944f-619926144931,e 40 st and park ave,1.0
276,66dc4b4c-0aca-11e7-82f6-3863bb44ef7c,w 37 st and 5 ave,1.0
277,66db30e0-0aca-11e7-82f6-3863bb44ef7c,e 40 st and 5 ave,1.0
278,66dc78c4-0aca-11e7-82f6-3863bb44ef7c,6 ave and w 33 st,1.0
279,547cdccc-7864-4898-97c9-8798d924ef54,6 ave and w 34 st,1.0
280,66db473c-0aca-11e7-82f6-3863bb44ef7c,broadway and w 36 st,1.0
281,66dbcb2f-0aca-11e7-82f6-3863bb44ef7c,broadway and w 37 st,1.0
282,341730d7-a61d-499d-8c07-fa015f644e54,w 37 st and broadway,1.0
283,0fde06c2-632c-46a9-8866-f4e855604f74,broadway and w 38 st,1.0
284,d7c56fef-1bf9-4315-85af-8638c534b402,w 36 st and 7 ave,1.0
285,66dbe4db-0aca-11e7-82f6-3863bb44ef7c,w 31 st and 7 ave,1.0
286,c5861c24-5ac1-41df-82f1-31748d03e868,w 30 st and 8 ave,1.0
287,66ddbd20-0aca-11e7-82f6-3863bb44ef7c,8 ave and w 31 st,1.0
288,66dc686c-0aca-11e7-82f6-3863bb44ef7c,8 ave and w 33 st,1.0
289,96e72113-3681-4d19-88bb-032e76720093,w 35 st and 8 ave,1.0
290,8d097a6d-f17c-4195-9dd4-42527b371c71,8 ave and w 38 st,1.0
291,3b52be68-9123-46a9-bb45-f0d0646a5a81,9 ave and w 39 st,1.0
292,833bc8bc-3c32-4481-9c14-9a88aa7accec,w 36 st and 9 ave,1.0
293,05c5e17c-7aa9-49b7-9da3-9db4858ec1fc,w 35 st and 9 ave,1.0
294,1869743938848725856,9 ave and w 33 st,1.0
295,e3470e29-934c-41f1-8fe7-82135ed2d620,w 33 st and 10 ave,1.0
296,a47f77a2-9008-4652-a4f1-b95eee723a1b,w 35 st and dyer ave,1.0
297,cb05443c-e68e-48f7-8d17-35353fa19d4d,w 34 st and hudson blvd e,1.0
298,66dc8382-0aca-11e7-82f6-3863bb44ef7c,w 34 st and 11 ave,1.0
299,88c1303b-3349-4591-bf08-c7e40cf3537a,hudson blvd w and w 36 st,1.0
300,66dc7d58-0aca-11e7-82f6-3863bb44ef7c,12 ave and w 40 st,1.0
301,66dc41bb-0aca-11e7-82f6-3863bb44ef7c,11 ave and w 41 st,1.0
302,66dc1d80-0aca-11e7-82f6-3863bb44ef7c,w 37 st and 10 ave,1.0
303,66dda55f-0aca-11e7-82f6-3863bb44ef7c,w 42 st and dyer ave,1.0
304,66dc85bb-0aca-11e7-82f6-3863bb44ef7c,w 42 st and 8 ave,1.0
305,66dc3f08-0aca-11e7-82f6-3863bb44ef7c,w 41 st and 8 ave,1.0
306,f72a253f-3cef-4da8-9591-0cbd3a692162,w 40 st and 7 ave,1.0
307,66dc292c-0aca-11e7-82f6-3863bb44ef7c,broadway and w 41 st,1.0
308,2098714657799221362,w 42 st and 6 ave,1.0
309,66dc48ef-0aca-11e7-82f6-3863bb44ef7c,w 44 st and 5 ave,1.0
310,2af3ecc3-4f43-468a-a7cc-bb4804ee3e7a,e 43 st and madison ave,1.0
311,1e226f22-034f-4b99-8184-a8eaa591fbd8,e 44 st and lexington ave,1.0
312,66dc17df-0aca-11e7-82f6-3863bb44ef7c,e 45 st and 3 ave,1.0
313,66dea8ff-0aca-11e7-82f6-3863bb44ef7c,e 44 st and 2 ave,1.0
314,66dca5f3-0aca-11e7-82f6-3863bb44ef7c,e 43 st and 2 ave,1.0
315,1984510483573713186,1 ave and e 42 st,1.0
316,66dc2172-0aca-11e7-82f6-3863bb44ef7c,1 ave and e 44 st,1.0
317,66dc7e75-0aca-11e7-82f6-3863bb44ef7c,e 47 st and 1 ave,1.0
318,66db32fb-0aca-11e7-82f6-3863bb44ef7c,e 47 st and 2 ave,1.0
319,66dc210e-0aca-11e7-82f6-3863bb44ef7c,e 51 st and 1 ave,1.0
320,632b140c-65de-4f50-9cc2-c001ae011aea,e 51 st and 2 ave,1.0
321,0138452a-b9f4-4aee-80b0-7fae9a122ffe,e 54 st and 1 ave,1.0
322,66ddb66e-0aca-11e7-82f6-3863bb44ef7c,e 58 st and 1 ave ne corner,1.0
323,2bf9addc-038b-48fe-8794-dde085c5e5dc,e 58 st and 1 ave nw corner,1.0
324,66db6e49-0aca-11e7-82f6-3863bb44ef7c,e 58 st and 3 ave,1.0
325,66dc28bd-0aca-11e7-82f6-3863bb44ef7c,e 56 st and 3 ave,1.0
326,66dbe7b6-0aca-11e7-82f6-3863bb44ef7c,e 55 st and 2 ave,1.0
327,66dbcdfc-0aca-11e7-82f6-3863bb44ef7c,e 53 st and lexington ave,1.0
328,66dea7b5-0aca-11e7-82f6-3863bb44ef7c,e 53 st and 3 ave,1.0
329,66dc81ce-0aca-11e7-82f6-3863bb44ef7c,e 51 st and lexington ave,1.0
330,632b140c-65de-4f50-9cc2-c001ae011aea,e 51 st and 2 ave,1.0
331,66db3997-0aca-11e7-82f6-3863bb44ef7c,e 48 st and 3 ave,1.0
332,66dbc982-0aca-11e7-82f6-3863bb44ef7c,e 47 st and park ave,1.0
333,66dd9fa6-0aca-11e7-82f6-3863bb44ef7c,e 48 st and 5 ave,1.0
334,d29ea280-8b64-4a35-b12b-245525ae2a3a,w 48 st and rockefeller plaza,1.0
335,70634bc4-4d90-42d4-8f6a-3f29fa8f7f77,e 50 st and park ave,1.0
336,821b19c1-ab13-4482-9580-770288a377a7,madison ave and e 51 st,1.0
337,66dc80b4-0aca-11e7-82f6-3863bb44ef7c,w 52 st and 5 ave,1.0
338,67f60e7e-397a-4e47-b7f9-d10bd67133b3,w 51 st and rockefeller plaza,1.0
339,66dc21d4-0aca-11e7-82f6-3863bb44ef7c,e 53 st and madison ave,1.0
340,6fd61eee-d0ef-4580-9704-bd06b82bcb61,e 56 st and madison ave,1.0
341,66dea6e1-0aca-11e7-82f6-3863bb44ef7c,e 58 st and madison ave,1.0
342,66dbc551-0aca-11e7-82f6-3863bb44ef7c,w 56 st and 6 ave,1.0
343,581d8683-c217-4f96-89cb-b5a94d780b83,w 55 st and 6 ave,1.0
344,1791472201147965920,w 54 st and 6 ave,1.0
345,66de8a86-0aca-11e7-82f6-3863bb44ef7c,w 52 st and 6 ave,1.0
346,66dc7b10-0aca-11e7-82f6-3863bb44ef7c,w 51 st and 6 ave,1.0
347,2104286315955915532,w 47 st and 6 ave,1.0
348,904930bd-2671-4695-9c1a-8a894b041129,6 ave and w 45 st,1.0
349,66dc48ef-0aca-11e7-82f6-3863bb44ef7c,w 44 st and 5 ave,1.0
350,66dc82ef-0aca-11e7-82f6-3863bb44ef7c,w 43 st and 6 ave,1.0
351,66dca682-0aca-11e7-82f6-3863bb44ef7c,w 45 st and 8 ave,1.0
352,66dc42a0-0aca-11e7-82f6-3863bb44ef7c,9 ave and w 45 st,1.0
353,490ca6cc-c2a2-4838-acf0-4704ed60dc51,w 47 st and 9 ave,1.0
354,64f0f28c-bedc-42d5-b107-ecdd48fc30cd,broadway and w 48 st,1.0
355,053312f2-e77e-4674-b28b-ad357fbcb4ee,8 ave and w 49 st,1.0
356,66dc1e55-0aca-11e7-82f6-3863bb44ef7c,w 49 st and 8 ave,1.0
357,b442a648-e9f4-4893-951a-64d258bc0e55,w 50 st and 9 ave,1.0
358,2004153375425087884,w 51 st and 7 ave,1.0
359,66dc2c78-0aca-11e7-82f6-3863bb44ef7c,broadway and w 53 st,1.0
360,66dc1d0c-0aca-11e7-82f6-3863bb44ef7c,8 ave and w 52 st,1.0
361,1198e739-787c-4ce4-aa63-ffaf98506e9c,7 ave and w 55 st,1.0
362,66dc2bc5-0aca-11e7-82f6-3863bb44ef7c,broadway and w 56 st,1.0
363,c042a307-2d7d-4ee9-95b7-a7505a3428c2,w 56 st and 8 ave,1.0
364,66dc2238-0aca-11e7-82f6-3863bb44ef7c,broadway and w 58 st,1.0
365,1888015107269225164,w 54 st and 9 ave,1.0
366,88e64257-298c-4b8d-8886-77b9b66dcec1,w 50 st and 10 ave,1.0
367,66dc73b0-0aca-11e7-82f6-3863bb44ef7c,w 47 st and 10 ave,1.0
368,66dc7de9-0aca-11e7-82f6-3863bb44ef7c,w 43 st and 10 ave,1.0
369,2c321ea3-e1dd-4d32-be70-bd158fe1f568,w 44 st and 11 ave,1.0
370,66dc79e6-0aca-11e7-82f6-3863bb44ef7c,w 46 st and 11 ave,1.0
371,66dc4334-0aca-11e7-82f6-3863bb44ef7c,w 53 st and 10 ave,1.0
372,66db237e-0aca-11e7-82f6-3863bb44ef7c,w 52 st and 11 ave,1.0
373,1f872052-38c4-4701-96c4-c363de51c2b5,w 54 st and 11 ave,1.0
374,66dc7cc3-0aca-11e7-82f6-3863bb44ef7c,w 56 st and 10 ave,1.0
375,66dc864c-0aca-11e7-82f6-3863bb44ef7c,11 ave and w 59 st,1.0
376,66dc0dab-0aca-11e7-82f6-3863bb44ef7c,w 59 st and 10 ave,1.0
377,1937777808143497236,columbus ave and w 59 st,1.0
378,b94cc90e-9ca2-4471-8371-23be051e0157,7 ave and central park south,1.0
379,66dc9068-0aca-11e7-82f6-3863bb44ef7c,central park s and 6 ave,1.0
380,1964061627836181486,central park s and grand army plaza,1.0
381,1967778612889039234,e 61 st and madison ave,1.0
382,1960020234227886806,3 ave and e 62 st,1.0
383,66dd4356-0aca-11e7-82f6-3863bb44ef7c,1 ave and e 62 st,1.0
384,66dca6f4-0aca-11e7-82f6-3863bb44ef7c,e 60 st and york ave,1.0
385,199ea9dd-8f7e-4e05-a730-55edaacd8787,e 63 st and 3 ave,1.0
386,66dd4051-0aca-11e7-82f6-3863bb44ef7c,5 ave and e 63 st,1.0
387,66de2707-0aca-11e7-82f6-3863bb44ef7c,e 65 st and 2 ave,1.0
388,66dd42eb-0aca-11e7-82f6-3863bb44ef7c,1 ave and e 68 st,1.0
389,66dd491c-0aca-11e7-82f6-3863bb44ef7c,e 72 st and york ave,1.0
390,66de2556-0aca-11e7-82f6-3863bb44ef7c,e 74 st and 1 ave,1.0
391,14391923-6727-4359-92e9-03e0b5094753,e 77 st and 1 ave,1.0
392,66dd470b-0aca-11e7-82f6-3863bb44ef7c,e 81 st and york ave,1.0
393,66de2201-0aca-11e7-82f6-3863bb44ef7c,e 82 st and east end ave,1.0
394,66dd4981-0aca-11e7-82f6-3863bb44ef7c,east end ave and e 86 st,1.0
395,66dde3b1-0aca-11e7-82f6-3863bb44ef7c,e 89 st and york ave,1.0
396,66dded11-0aca-11e7-82f6-3863bb44ef7c,1 ave and e 94 st,1.0
397,66ddef96-0aca-11e7-82f6-3863bb44ef7c,2 ave and e 96 st,1.0
398,66ddebce-0aca-11e7-82f6-3863bb44ef7c,e 97 st and 3 ave,1.0
399,66de10a8-0aca-11e7-82f6-3863bb44ef7c,2 ave and e 99 st,1.0
400,66de186f-0aca-11e7-82f6-3863bb44ef7c,e 102 st and 1 ave,1.0
401,66de4594-0aca-11e7-82f6-3863bb44ef7c,e 106 st and 1 ave,1.0
402,0b613329-b8c8-4b8c-ad40-79952aa41157,1 ave and e 110 st,1.0
403,566935d6-4d66-4b42-9822-f2a816e357b9,e 114 st and 1 ave,1.0
404,1960021056359127624,pleasant ave and e 116 st,1.0
405,20ff5447-eac3-43b7-820f-f6fa3a2e12a8,pleasant ave and e 120 st,1.0
406,bb07a569-cc74-439e-b424-916c0304f136,2 ave and e 125 st,1.0
407,97bcf094-ad77-4743-9c94-832c7300c090,e 128 st and 3 ave,1.0
408,38975061-0d90-43a3-87c1-8905b374d5d9,lexington ave and e 128 st,1.0
409,5f63411c-91ce-4788-a567-d388cc812a15,lexington ave and e 127 st,1.0
410,66880044-5411-4143-af39-eaa0a0fd0528,park ave and e 124 st,1.0
411,16a4effc-282e-4053-b47b-31f734d50c08,e 123 st and lexington ave,1.0
412,625711ba-3b5d-46a7-a8f9-7f4eb17ec1be,2 ave and e 122 st,1.0
413,bacfe3c2-7946-45ed-91f9-f5b91791de75,madison ave and e 120 st,1.0
414,d9bc0b3e-1af8-4cb6-a082-8ef1245ef329,lexington ave and e 120 st,1.0
415,d3f51f51-7e51-4c75-8600-d76916608707,e 118 st and madison ave,1.0
416,7a15d81b-357e-42e0-b208-93ffd562fd63,e 118 st and park ave,1.0
417,e73cf71b-db05-44f9-b57a-689d65320d68,e 118 st and 3 ave,1.0
418,1958457675193833900,1 ave and e 118 st,1.0
419,9b7e3b8b-97ef-4038-820c-7cd1c1a34fc7,e 116 st and 2 ave,1.0
420,b976906e-81c4-44c5-a160-e17815c0d47b,e 115 st and madison ave,1.0
421,bf317efc-13f1-42be-8243-373a29354033,e 115 st and lexington ave,1.0
422,594b4656-9d83-4301-8967-3b92c126531c,3 ave and e 112 st,1.0
423,c05cd2e2-74e8-4526-a62b-d631e005fdd8,lexington ave and e 111 st,1.0
424,1835618878584115330,3 ave and e 109 st,1.0
425,66de43a5-0aca-11e7-82f6-3863bb44ef7c,e 106 st and madison ave,1.0
426,66de677e-0aca-11e7-82f6-3863bb44ef7c,e 106 st and lexington ave,1.0
427,66de2131-0aca-11e7-82f6-3863bb44ef7c,5 ave and e 103 st,1.0
428,66de1f7f-0aca-11e7-82f6-3863bb44ef7c,e 102 st and park ave,1.0
429,66de2a00-0aca-11e7-82f6-3863bb44ef7c,e 103 st and lexington ave,1.0
430,1938139112487078732,e 103 st and 2 ave,1.0
431,66de13dc-0aca-11e7-82f6-3863bb44ef7c,madison ave and e 99 st,1.0
432,66de0933-0aca-11e7-82f6-3863bb44ef7c,3 ave and e 100 st,1.0
433,66dde76a-0aca-11e7-82f6-3863bb44ef7c,e 98 st and park ave,1.0
434,66de0dfd-0aca-11e7-82f6-3863bb44ef7c,e 97 st and madison ave,1.0
435,66de0861-0aca-11e7-82f6-3863bb44ef7c,e 95 st and 3 ave,1.0
436,1813395029173762108,e 94 st and madison ave,1.0
437,66dde559-0aca-11e7-82f6-3863bb44ef7c,e 91 st and park ave,1.0
438,66dde630-0aca-11e7-82f6-3863bb44ef7c,e 93 st and 2 ave,1.0
439,66ddea2a-0aca-11e7-82f6-3863bb44ef7c,e 91 st and 2 ave,1.0
440,b9720921-8170-43ea-a5ae-b61b9161eb49,5 ave and e 87 st,1.0
441,66dde103-0aca-11e7-82f6-3863bb44ef7c,e 88 st and park ave,1.0
442,66dde208-0aca-11e7-82f6-3863bb44ef7c,e 89 st and 3 ave,1.0
443,66dde2d9-0aca-11e7-82f6-3863bb44ef7c,e 88 st and 1 ave,1.0
444,66dd46a2-0aca-11e7-82f6-3863bb44ef7c,e 85 st and york ave,1.0
445,66dd45c7-0aca-11e7-82f6-3863bb44ef7c,e 84 st and 1 ave,1.0
446,66dd455e-0aca-11e7-82f6-3863bb44ef7c,e 85 st and 3 ave,1.0
447,66dd448f-0aca-11e7-82f6-3863bb44ef7c,e 84 st and park ave,1.0
448,66de1f17-0aca-11e7-82f6-3863bb44ef7c,madison ave and e 82 st,1.0
449,66dd4423-0aca-11e7-82f6-3863bb44ef7c,e 81 st and park ave,1.0
450,1884599469785421928,3 ave and e 82 st,1.0
451,66ddb41c-0aca-11e7-82f6-3863bb44ef7c,e 80 st and 2 ave,1.0
452,66de2274-0aca-11e7-82f6-3863bb44ef7c,e 78 st and 2 ave,1.0
453,66dd3fc3-0aca-11e7-82f6-3863bb44ef7c,e 75 st and 3 ave,1.0
454,66dd4841-0aca-11e7-82f6-3863bb44ef7c,e 77 st and 3 ave,1.0
455,66de27da-0aca-11e7-82f6-3863bb44ef7c,e 76 st and park ave,1.0
456,66dd43bd-0aca-11e7-82f6-3863bb44ef7c,5 ave and e 78 st,1.0
457,66dd40dd-0aca-11e7-82f6-3863bb44ef7c,5 ave and e 72 st,1.0
458,66dd41ef-0aca-11e7-82f6-3863bb44ef7c,e 72 st and park ave,1.0
459,66de269c-0aca-11e7-82f6-3863bb44ef7c,3 ave and e 72 st,1.0
460,e36b5913-8e46-4c2a-b9be-73bdf8ee548b,2 ave and e 72 st,1.0
461,1882824287789509296,3 ave and e 71 st,1.0
462,66dd3d7f-0aca-11e7-82f6-3863bb44ef7c,e 68 st and 3 ave,1.0
463,66dd9b0f-0aca-11e7-82f6-3863bb44ef7c,e 67 st and park ave,1.0
464,66de1a1f-0aca-11e7-82f6-3863bb44ef7c,e 66 st and madison ave,1.0
465,66de1bc3-0aca-11e7-82f6-3863bb44ef7c,e 68 st and madison ave,1.0
466,72196024-6f2b-45cb-9764-609911c7dc0b,broadway and w 61 st,1.0
467,66dd49eb-0aca-11e7-82f6-3863bb44ef7c,w 63 st and broadway,1.0
468,2f656bc4-7743-4326-8330-a22bd41d9d17,west end ave and w 60 st,1.0
469,b0cc08dc-e7dd-48d1-8901-ba496f3ff2f5,w 64 st and thelonious monk circle,1.0
470,66dd51e6-0aca-11e7-82f6-3863bb44ef7c,riverside blvd and w 67 st,1.0
471,66de1a8a-0aca-11e7-82f6-3863bb44ef7c,amsterdam ave and w 66 st,1.0
472,66dd4a52-0aca-11e7-82f6-3863bb44ef7c,w 67 st and broadway,1.0
473,66dd4bf7-0aca-11e7-82f6-3863bb44ef7c,central park w and w 68 st,1.0
474,66dd4ccc-0aca-11e7-82f6-3863bb44ef7c,central park w and w 72 st,1.0
475,66dd4c5f-0aca-11e7-82f6-3863bb44ef7c,columbus ave and w 72 st,1.0
476,66dd52c8-0aca-11e7-82f6-3863bb44ef7c,w 70 st and amsterdam ave,1.0
477,66dd4d70-0aca-11e7-82f6-3863bb44ef7c,riverside dr and w 72 st,1.0
478,66dd515d-0aca-11e7-82f6-3863bb44ef7c,w 74 st and columbus ave,1.0
479,66dd4de9-0aca-11e7-82f6-3863bb44ef7c,amsterdam ave and w 73 st,1.0
480,66dd5407-0aca-11e7-82f6-3863bb44ef7c,riverside dr and w 78 st,1.0
481,66dd4b91-0aca-11e7-82f6-3863bb44ef7c,w 78 st and broadway,1.0
482,66de1c33-0aca-11e7-82f6-3863bb44ef7c,amsterdam ave and w 79 st,1.0
483,66dd4b2b-0aca-11e7-82f6-3863bb44ef7c,w 76 st and columbus ave,1.0
484,66dd4ac1-0aca-11e7-82f6-3863bb44ef7c,central park w and w 76 st,1.0
485,66dd9213-0aca-11e7-82f6-3863bb44ef7c,w 82 st and central park w,1.0
486,50575cba-95ac-4134-9da1-3eec8253afc4,central park w and w 85 st,1.0
487,66dd4f31-0aca-11e7-82f6-3863bb44ef7c,w 84 st and columbus ave,1.0
488,66dd4f9b-0aca-11e7-82f6-3863bb44ef7c,amsterdam ave and w 82 st,1.0
489,1833865926273309136,w 84 st and amsterdam ave,1.0
490,66dd4ec7-0aca-11e7-82f6-3863bb44ef7c,riverside dr and w 82 st,1.0
491,66dde271-0aca-11e7-82f6-3863bb44ef7c,w 87 st and west end ave,1.0
492,66dde197-0aca-11e7-82f6-3863bb44ef7c,w 87 st and amsterdam ave,1.0
493,66dde079-0aca-11e7-82f6-3863bb44ef7c,w 89 st and columbus ave,1.0
494,a93cb1ec-fb37-4faf-a7e7-d1e5a9e9af95,central park w and w 91 st,1.0
495,2143247416766638978,w 94 st and central park w,1.0
496,66dde845-0aca-11e7-82f6-3863bb44ef7c,columbus ave and w 95 st,1.0
497,1960019951675478680,w 90 st and amsterdam ave,1.0
498,66dde4ef-0aca-11e7-82f6-3863bb44ef7c,w 92 st and broadway,1.0
499,66de871c-0aca-11e7-82f6-3863bb44ef7c,riverside dr and w 91 st,1.0
500,66ddeaff-0aca-11e7-82f6-3863bb44ef7c,west end ave and w 94 st,1.0
501,66ddede1-0aca-11e7-82f6-3863bb44ef7c,w 95 st and broadway,1.0
502,50e05a9f-dce6-4315-a10d-1fa786fc18ee,central park w and w 97 st,1.0
503,66de099d-0aca-11e7-82f6-3863bb44ef7c,w 100 st and manhattan ave,1.0
504,7d41ac98-df88-497a-aef9-968660e6da0f,central park w and w 103 st,1.0
505,66dde8ac-0aca-11e7-82f6-3863bb44ef7c,columbus ave and w 103 st,1.0
506,66de17f7-0aca-11e7-82f6-3863bb44ef7c,w 100 st and broadway,1.0
507,ab5585c8-c2cf-4bab-96cf-d02eced4f6e3,w 104 st and amsterdam ave,1.0
508,66de1af4-0aca-11e7-82f6-3863bb44ef7c,w 106 st and amsterdam ave,1.0
509,66de0bcb-0aca-11e7-82f6-3863bb44ef7c,riverside dr and w 104 st,1.0
510,66de20c8-0aca-11e7-82f6-3863bb44ef7c,west end ave and w 107 st,1.0
511,66de12ff-0aca-11e7-82f6-3863bb44ef7c,w 107 st and columbus ave,1.0
512,66de077f-0aca-11e7-82f6-3863bb44ef7c,w 106 st and central park w,1.0
513,0f51cb84-e386-44ac-947f-a969f7617d17,w 111 st and 5 ave,1.0
514,0e003543-3656-448f-8a93-029d265f2e26,lenox ave and w 111 st,1.0
515,66de2625-0aca-11e7-82f6-3863bb44ef7c,central park north and adam clayton powell blvd,1.0
516,46bdd925-fb6c-4654-85d8-e0db4da62abf,frederick douglass blvd and w 112 st,1.0
517,4d79bdb9-7c35-4d35-9f6e-3c1b849c453a,w 110 st and amsterdam ave,1.0
518,66de3fde-0aca-11e7-82f6-3863bb44ef7c,cathedral pkwy and broadway,1.0
519,5b4a90b8-426d-4a40-a7ca-87e51d690883,w 113 st and broadway,1.0
520,8e631be4-1e0c-4627-a261-18f0003d0ba2,w 116 st and broadway,1.0
521,7efcb97f-6c8f-4445-86a9-3f758a822f17,w 116 st and amsterdam ave,1.0
522,ca4e4962-2169-4559-8f60-b05ab7809750,frederick douglass blvd and w 115 st,1.0
523,760ebaea-f7c7-45ad-aa3b-395d97adcf8f,adam clayton powell blvd and w 115 st,1.0
524,897e8739-ee1d-4b2e-b151-ad7e64e87697,lenox ave and w 115 st,1.0
525,dc8223ad-4108-40a8-9ff5-35e8490b4077,lenox ave and w 117 st,1.0
526,668ef22c-4665-4f42-bf6a-ab9e8a2899b1,mt morris park w and w 120 st,1.0
527,1d130e43-0408-4423-bb52-77a08372cefa,5 ave and w 126 st,1.0
528,c63a83a0-bda1-40a6-835b-f82c363543b9,e 128 st and madison ave,1.0
529,1ec7ef9f-ab60-4a64-821d-883ba547273a,e 132 st and madison ave,1.0
530,4780d9d1-b886-4e72-9d18-cb152f73e10a,5 ave and w 139 st,1.0
531,a4d041fd-c5fa-4f52-800c-25d7a661a875,e 138 st and 5 ave,1.0
532,023127f2-a6e0-4fae-ba34-178acccb993e,5 ave and e 135 st,1.0
533,dad39e68-53f5-47c2-87e2-b1cc0e34f90f,5 ave and w 131 st,1.0
534,7e36cd9b-b271-42e5-b344-b7a3771c795e,lenox ave and w 126 st,1.0
535,138094a0-cd7d-4014-9b21-4fb2afd3980e,adam clayton powell blvd and w 118 st,1.0
536,b55f9b55-7fa7-4f0f-9732-78cbe07452e1,adam clayton powell blvd and w 123 st,1.0
537,18eccc71-66be-4e4c-8335-095a9bf0df94,adam clayton powell blvd and w 126 st,1.0
538,14f928c6-9a51-40a2-b7e6-a74e8b351dbf,lenox ave and w 130 st,1.0
539,b7d7543b-74ac-4a48-a3c4-412f9ffbc727,lenox ave and w 133 st,1.0
540,ecb2eebe-67c0-43b8-baae-71abb1a0ec6a,w 135 st and lenox terrace pl,1.0
541,bd1760ad-3af3-4ede-9bd7-c8fbf46d7192,lenox ave and w 140 st,1.0
542,fe65853e-b20a-4250-9677-2aa177283b72,lenox ave and w 144 st,1.0
543,b0bac4ef-bb57-4598-a433-75c281170d5b,lenox ave and w 146 st,1.0
544,1b962833-d769-418e-b1ef-5a183bb5eb1a,adam clayton powell blvd and w 151 st,1.0
545,0b94cc1e-2327-4679-99d9-3b21ddc02051,macombs pl and w 152 st,1.0
546,298d4e45-c6d2-45f1-a07a-11606026a6e4,w 147 st and adam clayton powell blvd,1.0
547,1064b4b0-e9c8-4139-ac48-f118305dbe69,w 144 st and adam clayton powell blvd,1.0
548,d0b87aa7-7e19-40d2-8f7d-6a622e6ac391,adam clayton powell blvd and w 141 st,1.0
549,65a1b09d-560d-46bf-8f5d-7f59471a587e,adam clayton powell blvd and w 138 st,1.0
550,01839a78-f228-4706-8f7f-147b857492f2,adam clayton powell blvd and w 132 st,1.0
551,b79bb851-130f-473d-83fc-f602aa0a4ca9,adam clayton powell blvd and w 130 st,1.0
552,bfea6c5b-2e1a-42c5-8199-2ded6042d57b,frederick douglass blvd and w 129 st,1.0
553,058ee86d-ce2a-4597-99f7-f78f082b33e3,st nicholas ave and w 157 st,1.0
554,dccaeeb5-c53a-4f48-80e6-05675b71a8c8,st nicholas ave and manhattan ave,1.0
555,0f6fd186-656a-41b3-ba4a-456d22da177c,frederick douglass blvd and w 117 st,1.0
556,1b00fb53-da32-4b14-9a9a-84a391c8951c,amsterdam ave and w 119 st,1.0
557,bb32aad7-8308-4ff8-b073-d5b518ffdd09,w 120 st and claremont ave,1.0
558,32d3adc3-c3dd-4a97-a4db-95d467f3c3aa,broadway and w 122 st,1.0
559,d80c274e-d17d-4a00-9b76-274c9fe4d0e1,morningside dr and amsterdam ave,1.0
560,23539f3b-fb83-4f34-b8b8-9f1f37b5e646,morningside ave and w 123 st,1.0
561,7f8cb36a-2bf4-4d57-afbd-331310f25355,amsterdam ave and w 125 st,1.0
562,bc5235a5-7f10-4a27-806e-9c25fa700959,broadway and moylan pl,1.0
563,f15ccc6e-5a7c-46e7-b505-0bfc9cae3d83,w 129 st and convent ave,1.0
564,324e55da-fec0-43a2-b622-27774381ab7f,amsterdam ave and w 131 st,1.0
565,26599393-b967-44a6-a998-cb72ca53cd9e,broadway and w 131 st,1.0
566,eab2749b-2f79-4797-a0a6-0579b27e6929,12 ave and w 125 st,1.0
567,22ab59a8-0af4-4101-9350-a7af88e37c2e,w 133 st and 12 ave,1.0
568,a1112e04-bc50-4782-b3d6-bb5902c0e8db,broadway and w 133 st,1.0
569,16280b32-7e5b-4a18-930b-212eac10faaa,old broadway and w 133 st,1.0
570,648e09b6-95c2-40d3-9dac-a43f22eccf38,st nicholas ave and w 134 st,1.0
571,44fa161f-eb62-459b-b53e-da83788cfa2a,convent ave and w 135 st,1.0
572,b371c432-b682-412f-9b85-8df84ce7a9f3,st nicholas ave and w 137 st,1.0
573,dad3b7df-ec40-4d54-bfdb-5e82be84d742,frederick douglass blvd and w 139 st,1.0
574,bc512527-7863-48d5-aea8-3de470abc1ee,edgecombe ave and w 141 st,1.0
575,2cd651e7-1e3a-4cd9-8fd1-a2416e032f6e,st nicholas terrace and convent ave,1.0
576,7f6674c4-5568-4766-b172-0385348ae184,amsterdam ave and w 136 st,1.0
577,563389a0-d90f-4155-9c50-528459df26aa,broadway and w 138 st,1.0
578,c8060816-b4aa-4fd9-bc66-af28bf61dc87,hamilton pl and w 140 st,1.0
579,01a1343d-9c7b-4a83-8a5a-a600187f19c4,riverside dr and w 138 st,1.0
580,fe6f022b-7fdb-44fe-80bb-cbfc500959bf,w 140 st and riverside dr,1.0
581,9c1c3499-1b11-471f-b59a-87d9e27e15c5,broadway and w 142 st,1.0
582,ccaadb70-6c87-4ccc-9914-a3167bd1bc0e,riverside dr and w 145 st,1.0
583,4f814d78-5d8d-458b-877e-2ca449b865be,riverside dr and w 148 st,1.0
584,1d8e51b0-8131-4c1f-93fb-f04952c157c0,w 146 st and broadway,1.0
585,bb0ce308-e5d9-48c7-9f4b-cf0120f2c39a,w 145 st and amsterdam ave,1.0
586,0ddb965d-95ef-4ce3-bde6-81a56ac1fbd2,edgecombe ave and w 145 st,1.0
587,943be327-0320-4ae1-8eb0-8a56f86a4fb6,frederick douglass blvd and w 145 st,1.0
588,c229f0ca-bdd1-4aa0-8906-a3e809e12889,bradhurst ave and w 148 st,1.0
589,361dd964-db79-47dd-b044-eac88c735249,edgecombe ave and w 150 st,1.0
590,8f1fdf4b-ecca-4f03-b04c-e10fe596e2c7,st nicholas ave and w 150 st,1.0
591,54df610f-0e47-4958-98ca-37bb1b1c4dca,convent ave and w 151 st,1.0
592,85b77b8d-32b8-4049-a407-64319916e2c5,amsterdam ave and w 152 st,1.0
593,3134c2d4-b090-4eb8-ab44-6f9622098f72,w 148 st and amsterdam ave,1.0
594,ab79da3d-f92a-42de-a76d-e05b5d7e724c,broadway and w 153 st,1.0
595,4aa6bb27-b76b-444e-a3ce-6fb25b822494,riverside dr and w 153 st,1.0
596,1929513834381415014,riverside dr e and w 155 st,1.0
597,1859438049977968878,broadway and w 157 st,1.0
598,058ee86d-ce2a-4597-99f7-f78f082b33e3,st nicholas ave and w 157 st,1.0
599,26217b73-7bb5-46e6-8094-1db05becd617,amsterdam ave and w 156 st,1.0
600,f6c33f22-d650-4935-a928-fb693a828b5f,st nicholas ave and w 155 st,1.0
601,676b7b4d-b1c0-4c97-8ac3-5fe665e51108,harlem river dr and w 155 st,1.0
602,0183d7d4-9e11-4429-94db-666a31239871,w 155 st and frederick douglass blvd,1.0
603,ce95fbdd-b7d2-46fc-910d-5c170e4b7610,frederick douglass blvd and harlem river dr,1.0
604,c6c10756-ef41-491a-8e6c-ee0aa27b8cbe,w 159 st and edgecombe ave,1.0
605,b83b2a73-af8e-4b82-b61e-aeaaf075fbe2,w 160 st and st nicholas ave,1.0
606,36aaebb9-ef10-41a5-b20b-753bf8a3fed8,w 163 st and edgecombe ave,1.0
607,bc9c9006-3d40-400d-8b5c-17f56e6dfcee,amsterdam ave and w 162 st,1.0
608,344b52b0-73a9-4fe3-9132-23d0502dc0ae,broadway and w 160 st,1.0
609,1927314940904608224,w 160 st and riverside dr,1.0
610,59af018a-2ee9-489a-b445-bb6fba9c1119,w 163 st and riverside dr,1.0
611,95a52ce4-3597-47d1-8d6f-427cb3b8ca6a,w 165 st and fort washington ave,1.0
612,912813fc-fde4-4430-8443-a4fa21477e7f,broadway and w 165 st,1.0
613,5dc8ddac-979e-4ae5-b879-3670cca7482d,edgecombe ave and w 167 st,1.0
614,5adcaaaf-5386-441d-827c-8d65c4f4405e,amsterdam ave and w 167 st,1.0
615,9e014047-d675-418b-a03c-84d974a25134,broadway and w 168 st,1.0
616,7d455e9a-20b4-4b03-8248-0d982fdfa21b,w 168 st and fort washington ave,1.0
617,d73e26de-8534-4b46-a321-3cae295ef9b2,w 171 st and st nicholas ave,1.0
618,3c73cc9f-3c09-4ac4-a4ea-22b4f027bf23,amsterdam ave and w 172 st,1.0
619,18a2cbb6-91f2-4393-82fb-b40a8ba90f20,amsterdam ave and w 175 st,1.0
620,3bf69f3e-23f6-4abe-b5fe-dabe6b0ea066,wadsworth ave and w 175 st,1.0
621,6b60bf55-3da4-439a-bde1-fc80be8623ba,fort washington ave and w 173 st,1.0
622,61bc2467-aa8c-4386-ba9e-3f01120bd6b8,cabrini blvd and w 177 st,1.0
623,d4c34830-972f-4cd1-81bb-071df209d065,w 181 st and riverside dr,1.0
624,c9c09ed0-0a52-4d6a-a999-b0848874e51f,fort washington ave and w 183 st,1.0
625,2436e886-dc53-47cb-8733-d663f9dcd922,w 180 st and fort washington ave,1.0
626,774c5443-d463-42b3-bfc5-b0ab3c56fe35,wadsworth ave and w 179 st,1.0
627,08b9c491-a589-4e75-996c-2455c26fb356,audubon ave and w 179 st,1.0
628,ceb179f3-89c3-4c3e-8a0a-3415406a9463,amsterdam ave and w 180 st,1.0
629,6a52ceae-3b97-487a-9438-de844bfbf1c2,amsterdam ave and w 183 st,1.0
630,d45b62b9-7d6b-43b2-bf1e-2c898c55dfd2,amsterdam ave and w 186 st,1.0
631,e35494b4-5811-4d2a-87de-4430e56bce2d,amsterdam ave and w 189 st,1.0
632,c829b6af-002b-4d04-af56-6924d4ad0aa2,w 190 st and st nicholas ave,1.0
633,0df3a035-5a38-4ec2-826a-0a5376e8d8a0,w 186 st and st nicholas ave,1.0
634,d8e02e7b-632b-4fbe-95b9-80efa47473e3,broadway and w 185 st,1.0
635,b4974d89-932c-4a9f-a264-2ea0cf70613e,pinehurst ave and w 187 st,1.0
636,24509e46-a0de-47e8-ba40-9441da68952a,fort washington ave and w 190 st,1.0
637,8d650b03-920d-4d44-a48f-8d9a1a0ba264,w 190 st and broadway,1.0
638,2546c9b9-5b1a-4e9f-a9cc-f8b986b79748,broadway and w 192 st,1.0
639,dc34ba4c-d8e5-4674-a02e-210c950c05c1,margaret corbin plz and ft washington ave,1.0
640,c0df5c09-2c07-4689-9fe8-36ed81301d7d,audubon ave and fort george ave,1.0
641,c9cd8c29-7f0b-4979-9a0e-bec4613d2600,audubon ave and w 192 st,1.0
642,f0115d11-c678-4274-8bb7-d486dbb63361,dyckman st and 10 ave,1.0
643,3d68a3fd-91da-49e8-9cd5-69b333863789,nagle ave and ellwood st,1.0
644,579e583e-60ab-4f2a-83d0-fabebddfcd0f,broadway and ellwood st,1.0
645,18d980e5-ba08-4bc3-832e-03eb71865768,riverside dr and broadway,1.0
646,59b747c1-fbfb-4a3d-9394-8d06834d7c98,sherman ave and thayer st,1.0
647,a33a2d11-33a5-46ad-a086-5698ac17b7b4,nagle ave and thayer st,1.0
648,e1a3f2f9-618f-4727-b2d6-676e02aadf17,10 ave and w 202 st,1.0
649,fbaffdbd-dab5-4127-9bd5-36bf58093ea8,9 ave and w 204 st,1.0
650,a5bd1f58-7df8-4df6-9636-372f1bc194be,10 ave and w 207 st,1.0
651,99b7c9a5-9679-417f-b884-21c4b240aa99,10 ave and w 204 st,1.0
652,23bc4d9b-1ec2-45fb-9228-e41517346b24,academy st and nagle ave,1.0
653,0e82ab9f-8c93-4302-b9df-342f8135a05c,w 204 st and nagle ave,1.0
654,3c21925c-d68e-497c-b501-982d3eb3e852,w 204 st and vermilyea ave,1.0
655,4f57360d-a4cb-4568-b74a-f3086ccaee2e,seaman ave and beak st,1.0
656,89ff4db3-8a29-4565-a366-6fea4b3afc39,dyckman st and henshaw st,1.0
657,53ef19c6-eaa7-47f7-807e-f51b574b1be0,dyckman st and staff st,1.0
658,8456b63c-37c6-49a6-8c02-bb6dcfc35041,seaman ave and isham st,1.0
659,943a1a27-1328-4823-8945-28d845280383,isham st and broadway,1.0
660,f8c242cd-da59-4f0e-afd6-832bbdd7d328,w 211 st and 10 ave,1.0
661,158e7752-27e2-4912-be0b-eb15405aa096,10 ave and w 215 st,1.0
662,3c6c0d12-80dd-4c49-b7c5-e3549588b8cf,w 218 st and broadway,1.0
663,28a2436d-a52b-4fa4-874c-e096012a926d,9 ave and w 219 st,1.0
664,6bc5598a-9eb8-44d2-adc0-d93b93af1924,broadway and w 220 st,1.0
665,30d6520e-b612-4240-a9ff-eec12b02b263,w 218 st and indian rd,1.0
